{
  "publicPath": "/dist/",
  "all": [
    "0.fe010fc126f33532e903.js",
    "1.033349615b9473a78300.js",
    "2.e0453f91b527b441e014.js",
    "main.e9f0270594d55cdae23a.js",
    "common.e9f0270594d55cdae23a.css"
  ],
  "initial": [
    "main.e9f0270594d55cdae23a.js"
  ],
  "async": [
    "0.fe010fc126f33532e903.js",
    "1.033349615b9473a78300.js",
    "2.e0453f91b527b441e014.js"
  ],
  "modules": {
    "21203701": [
      3,
      4
    ],
    "29083672": [
      3,
      4
    ],
    "6448ae32": [
      3,
      4
    ],
    "125d0af4": [
      3,
      4
    ],
    "22d4f567": [
      3,
      4
    ],
    "2f068dd2": [
      3,
      4
    ],
    "d9d3b74e": [
      3,
      4
    ],
    "604d026a": [
      3,
      4
    ],
    "2c82d026": [
      3,
      4
    ],
    "b79204de": [
      3,
      4
    ],
    "4bd8cc7d": [
      3,
      4
    ],
    "28f53788": [
      3,
      4
    ],
    "55e9ae72": [
      3,
      4
    ],
    "1e83085d": [
      3,
      4
    ],
    "32e5b848": [
      3,
      4
    ],
    "6dd08392": [
      3,
      4
    ],
    "47691b96": [
      3,
      4
    ],
    "4d005ba2": [
      3,
      4
    ],
    "4430d646": [
      3,
      4
    ],
    "3d0b97ae": [
      3,
      4
    ],
    "04191fc7": [
      3,
      4
    ],
    "69ed6a01": [
      3,
      4
    ],
    "c96d6ea4": [
      3,
      4
    ],
    "30c51fd2": [
      3,
      4
    ],
    "32402d4c": [
      3,
      4
    ],
    "b49766dc": [
      3,
      4
    ],
    "e497cf1a": [
      3,
      4
    ],
    "60c5aa1e": [
      3,
      4
    ],
    "0e798a4b": [
      3,
      4
    ],
    "482c7120": [
      3,
      4
    ],
    "5bf00cae": [
      3,
      4
    ],
    "cf256f3e": [
      3,
      4
    ],
    "a37d655a": [
      3,
      4
    ],
    "700763e8": [
      3,
      4
    ],
    "f46f9b4a": [
      3,
      4
    ],
    "c6d56216": [
      3,
      4
    ],
    "3a0a26cd": [
      3,
      4
    ],
    "1a74604d": [
      3,
      4
    ],
    "380dbd0c": [
      3,
      4
    ],
    "c9472774": [
      3,
      4
    ],
    "23a2a727": [
      3,
      4
    ],
    "96d9588e": [
      3,
      4
    ],
    "79dcf073": [
      3,
      4
    ],
    "98f18f86": [
      3,
      4
    ],
    "22d4e585": [
      3,
      4
    ],
    "30dda1ec": [
      3,
      4
    ],
    "150607d3": [
      3,
      4
    ],
    "25a8cf6e": [
      3,
      4
    ],
    "11f93329": [
      3,
      4
    ],
    "b61606ec": [
      3,
      4
    ],
    "041ceaa6": [
      3,
      4
    ],
    "00609674": [
      3,
      4
    ]
  }
}